Sentiments,Before_leet_translate(tw),After_leet_translate(tw)
Pos,0.28229880793285933,0.2797556844719584
Neg,0.3657077718546786,0.36567072069679135
Neu,0.3519653164874097,0.3545735951910354
