Sentiments,Before_leet_translate(yt),After_leet_translate(yt)
Pos,0.33079962267129676,0.3254953460995785
Neg,0.3769019675672981,0.3799487690613947
Neu,0.29229841011021424,0.2945558849486859
